<?xml version="1.0" encoding="UTF-8" standalone="no"?><data>
<user><username>Anurag</username><password>password</password></user>
<user><username>Rohit</username><password>pass</password></user>
<user><username>Doctor</username><password>who</password></user>
<user><username>Partha</username><password>helo</password></user><user><username>Neha</username><password>helo</password></user><user><username>neha</username><password>password</password></user><user><username>binay</username><password>goti</password></user><user><username>Binay</username><password>gautam</password></user><user><username>hero</username><password>zero</password></user><user><username>manju</username><password>manju</password></user><user><username>keshab</username><password>keshab</password></user><user><username>amit</username><password>amit</password></user><user><username>suzep</username><password>suzep</password></user><user><username>suzu</username><password>suzu</password></user><user><username>ansa</username><password>ansa</password></user><user><username>gautam</username><password>gautam</password></user><user><username>partha</username><password>chudal</password></user><user><username>chudal</username><password>partha</password></user><user><username>samyukta</username><password>1234</password></user><user><username>udin </username><password>1234</password></user><user><username>Pratistha</username><password>1234</password></user><user><username>pratistha</username><password>prass</password></user><user><username>hello</username><password>1234</password></user><user><username>kec</username><password>1234</password></user></data>